Accuracy,Precision,Recall,F1,AUC
0.7800947867298578,0.684931506849315,0.4792332268370607,0.5639097744360902,0.8024115592948855
