Accuracy,Precision,Recall,F1,AUC
0.8043230944254836,0.7295918367346939,0.5458015267175572,0.6244541484716157,0.8565601531666399
