Accuracy,Precision,Recall,F1,AUC
0.7900473933649289,0.7074829931972789,0.4984025559105431,0.584817244611059,0.8478046984662815
